{"USDAED": 3.67299, "USDAFN": 68.564771, "USDALL": 93.747911, "USDAMD": 390.284429, "USDANG": 1.810594, "USDAOA": 913.492016, "USDARS": 1004.018301, "USDAUD": 1.538142, "USDAWG": 1.8025, "USDAZN": 1.699047, "USDBAM": 1.867656, "USDBBD": 2.028371, "USDBDT": 120.054049, "USDBGN": 1.877052, "USDBHD": 0.376868, "USDBIF": 2967.603314, "USDBMD": 1, "USDBND": 1.350013, "USDBOB": 6.941467, "USDBRL": 5.799202, "USDBSD": 1.004588, "USDBTC": 1.0129149e-05, "USDBTN": 84.879318, "USDBWP": 13.715061, "USDBYN": 3.287735, "USDBYR": 19600, "USDBZD": 2.025029, "USDCAD": 1.399825, "USDCDF": 2869.999927, "USDCHF": 0.889398, "USDCLF": 0.035349, "USDCLP": 975.469909, "USDCNY": 7.247701, "USDCNH": 7.258885, "USDCOP": 4391.61, "USDCRC": 510.697626, "USDCUC": 1, "USDCUP": 26.5, "USDCVE": 105.296581, "USDCZK": 24.355017, "USDDJF": 178.896958, "USDDKK": 7.162897, "USDDOP": 60.533139, "USDDZD": 134.012018, "USDEGP": 49.676698, "USDERN": 15, "USDETB": 125.19309, "USDEUR": 0.96035, "USDFJD": 2.27535, "USDFKP": 0.789317, "USDGBP": 0.799295, "USDGEL": 2.725019, "USDGGP": 0.789317, "USDGHS": 15.9733, "USDGIP": 0.789317, "USDGMD": 71.000116, "USDGNF": 8659.405931, "USDGTQ": 7.755077, "USDGYD": 210.182537, "USDHKD": 7.784625, "USDHNL": 25.38723, "USDHRK": 7.133259, "USDHTG": 131.897725, "USDHUF": 394.532497, "USDIDR": 15918.95, "USDILS": 3.715525, "USDIMP": 0.789317, "USDINR": 84.44205, "USDIQD": 1316.106114, "USDIRR": 42104.999753, "USDISK": 139.700135, "USDJEP": 0.789317, "USDJMD": 159.547343, "USDJOD": 0.709104, "USDJPY": 154.345015, "USDKES": 129.505413, "USDKGS": 86.506089, "USDKHR": 4051.853797, "USDKMF": 469.649805, "USDKPW": 899.999621, "USDKRW": 1406.270273, "USDKWD": 0.30779, "USDKYD": 0.837201, "USDKZT": 498.204702, "USDLAK": 22005.452662, "USDLBP": 89966.529634, "USDLKR": 292.295131, "USDLRD": 181.336364, "USDLSL": 18.178163, "USDLTL": 2.95274, "USDLVL": 0.60489, "USDLYD": 4.907395, "USDMAD": 10.047317, "USDMDL": 18.293632, "USDMGA": 4704.107261, "USDMKD": 59.074586, "USDMMK": 3247.960992, "USDMNT": 3397.999946, "USDMOP": 8.054107, "USDMRU": 39.953781, "USDMUR": 46.849839, "USDMVR": 15.449752, "USDMWK": 1742.028515, "USDMXN": 20.43879, "USDMYR": 4.467503, "USDMZN": 63.901504, "USDNAD": 18.17825, "USDNGN": 1691.079844, "USDNIO": 36.770064, "USDNOK": 11.09563, "USDNPR": 135.806643, "USDNZD": 1.712036, "USDOMR": 0.384991, "USDPAB": 1.004588, "USDPEN": 3.816004, "USDPGK": 4.044176, "USDPHP": 58.941058, "USDPKR": 279.238615, "USDPLN": 4.164403, "USDPYG": 7884.8734, "USDQAR": 3.662677, "USDRON": 4.777698, "USDRSD": 112.345961, "USDRUB": 102.945802, "USDRWF": 1380.387139, "USDSAR": 3.754443, "USDSBD": 8.36952, "USDSCR": 13.619873, "USDSDG": 601.498139, "USDSEK": 11.09004, "USDSGD": 1.34764, "USDSHP": 0.789317, "USDSLE": 22.584979, "USDSLL": 20969.504736, "USDSOS": 574.129781, "USDSRD": 35.404962, "USDSTD": 20697.981008, "USDSVC": 8.790275, "USDSYP": 2512.529858, "USDSZL": 18.186159, "USDTHB": 34.511502, "USDTJS": 10.699307, "USDTMT": 3.51, "USDTND": 3.178235, "USDTOP": 2.342098, "USDTRY": 34.560675, "USDTTD": 6.819267, "USDTWD": 32.584499, "USDTZS": 2657.358981, "USDUAH": 41.476647, "USDUGX": 3711.856071, "USDUYU": 42.810419, "USDUZS": 12854.999883, "USDVES": 46.264848, "USDVND": 25430, "USDVUV": 118.722009, "USDWST": 2.791591, "USDXAF": 626.409275, "USDXAG": 0.031996, "USDXAU": 0.00037, "USDXCD": 2.70255, "USDXDR": 0.766351, "USDXOF": 626.39432, "USDXPF": 113.885189, "USDYER": 249.905316, "USDZAR": 18.041045, "USDZMK": 9001.202288, "USDZMW": 27.702577, "USDZWL": 321.999592}